per_unit_group,footprint_type,unit,centile_25,centile_50,centile_75,centile_up,centile_down,weighted_avg,chart_group
Bivalve mollusks,kg_co2e_excl_luc,per_g_protein,0.010316560074385315,0.013552740235077337,0.017634207113081928,0.0040814668780045915,0.003236180160692022,0.020080463179410785,Aquatic animals
Bivalve mollusks,kg_co2e_excl_luc,per_kcal,0.0015540327218008555,0.002041513997254757,0.002656324848510662,0.0006148108512559051,0.00048748127545390155,0.0030248160845010074,Aquatic animals
Bivalve mollusks,kg_co2e_excl_luc,per_kg_edible_wt,1.6695999999999998,2.193333333333333,2.8538652403238984,0.6605319069905655,0.5237333333333332,3.2497597147314456,Aquatic animals
Bivalve mollusks,kg_co2e_excl_luc,per_kg_nut_adjusted,0.25044,0.32899999999999996,0.4280797860485848,0.09907978604858486,0.07855999999999996,0.48746395720971697,Aquatic animals
Bivalve mollusks,kg_co2e_excl_luc,per_serving,0.28399428511999997,0.37307985866666654,0.4854344865564222,0.11235462788975564,0.08908557354666657,0.5527750281486178,Aquatic animals
Bovine meat,kg_co2_luc_feed_palm,per_g_protein,0.0,0.0,0.0001837910920399375,0.0001837910920399375,0.0,0.0002443365511650339,Terrestrial meat
Bovine meat,kg_co2_luc_feed_palm,per_kcal,0.0,0.0,1.5986184766523735e-05,1.5986184766523735e-05,0.0,2.1252440522474523e-05,Terrestrial meat
Bovine meat,kg_co2_luc_feed_palm,per_kg_edible_wt,0.0,0.0,0.035814557335018704,0.035814557335018704,0.0,0.04761278320735643,Terrestrial meat
Bovine meat,kg_co2_luc_feed_palm,per_kg_nut_adjusted,0.0,0.0,0.025428335707863278,0.025428335707863278,0.0,0.03380507607722307,Terrestrial meat
Bovine meat,kg_co2_luc_feed_palm,per_serving,0.0,0.0,0.004061303947950762,0.004061303947950762,0.0,0.0053992007385188995,Terrestrial meat
Bovine meat,kg_co2_luc_feed_soy,per_g_protein,0.0,0.000709673312463647,0.00204998710232273,0.0013403137898590827,0.000709673312463647,0.0050694381170747925,Terrestrial meat
Bovine meat,kg_co2_luc_feed_soy,per_kcal,0.0,6.172752210672729e-05,0.00017830827502565016,0.00011658075291892287,6.172752210672729e-05,0.00044094070883699714,Terrestrial meat
Bovine meat,kg_co2_luc_feed_soy,per_kg_edible_wt,0.0,0.13829090004448602,0.3994719210669489,0.2611810210224629,0.13829090004448602,0.9878589875338015,Terrestrial meat
Bovine meat,kg_co2_luc_feed_soy,per_kg_nut_adjusted,0.0,0.09818653903158507,0.28362506395753373,0.18543852492594864,0.09818653903158507,0.7013798811489992,Terrestrial meat
Bovine meat,kg_co2_luc_feed_soy,per_serving,0.0,0.0156819299220313,0.04529937016807268,0.02961744024604138,0.0156819299220313,0.11202136518288967,Terrestrial meat
Bovine meat,kg_co2_luc_pasture,per_g_protein,0.0,0.0,0.0,0.0,0.0,0.03264941828011039,Terrestrial meat
Bovine meat,kg_co2_luc_pasture,per_kcal,0.0,0.0,0.0,0.0,0.0,0.00283985272274211,Terrestrial meat
Bovine meat,kg_co2_luc_pasture,per_kg_edible_wt,0.0,0.0,0.0,0.0,0.0,6.36224775624016,Terrestrial meat
Bovine meat,kg_co2_luc_pasture,per_kg_nut_adjusted,0.0,0.0,0.0,0.0,0.0,4.517195906930514,Terrestrial meat
Bovine meat,kg_co2_luc_pasture,per_serving,0.0,0.0,0.0,0.0,0.0,0.7214670193618227,Terrestrial meat
Bovine meat,kg_co2e_excl_luc,per_g_protein,0.16534507423318412,0.2860136064809138,0.372425492660201,0.08641188617928719,0.12066853224772967,0.25813801874809633,Terrestrial meat
Bovine meat,kg_co2e_excl_luc,per_kcal,0.014381746566650214,0.02487751886228606,0.03239364145100069,0.007516122588714629,0.010495772295635846,0.022452894844733413,Terrestrial meat
Bovine meat,kg_co2e_excl_luc,per_kg_edible_wt,32.220063417983866,55.73420667025733,72.5729087947471,16.838702124489764,23.514143252273463,50.3022141616792,Terrestrial meat
Bovine meat,kg_co2e_excl_luc,per_kg_nut_adjusted,22.876245026768544,39.5712867358827,51.526765244270436,11.955478508387735,16.695041709114157,35.714572054792235,Terrestrial meat
Bovine meat,kg_co2e_excl_luc,per_serving,3.65369504748099,6.320154999221397,8.229632387894572,1.9094773886731753,2.6664599517404066,5.704177188467987,Terrestrial meat
Bovine meat,l_blue_wf_excl_pond,per_g_protein,1.2589582499135432,1.6701936400915958,2.7192081034073334,1.0490144633157377,0.41123539017805255,2.870953659247354,Terrestrial meat
Bovine meat,l_blue_wf_excl_pond,per_kcal,0.10950443230449891,0.1452737661549735,0.23651724725729528,0.09124348110232178,0.035769333850474594,0.24971610508132014,Terrestrial meat
Bovine meat,l_blue_wf_excl_pond,per_kg_edible_wt,245.32762672809855,325.46324862494345,529.8800580833771,204.41680945843365,80.1356218968449,559.4500434926034,Terrestrial meat
Bovine meat,l_blue_wf_excl_pond,per_kg_nut_adjusted,174.18261497694996,231.07890652370983,376.21484123919777,145.13593471548793,56.89629154675987,397.20953087974834,Terrestrial meat
Bovine meat,l_blue_wf_excl_pond,per_serving,27.81969492606315,36.906924862671154,60.087409477213214,23.18048461454206,9.087229936608004,63.44059062531336,Terrestrial meat
Bovine meat,l_green_wf,per_g_protein,65.66179734741763,86.36859406311787,110.45905178892431,24.090457725806445,20.706796715700236,76.35764559195535,Terrestrial meat
Bovine meat,l_green_wf,per_kcal,5.711275845021707,7.5123570320691195,9.607749708832724,2.0953926767636046,1.8010811870474122,6.64160279598581,Terrestrial meat
Bovine meat,l_green_wf,per_kg_edible_wt,12795.224075976754,16830.26598126057,21524.66694417697,4694.400962916399,4035.041905283817,14879.476723637255,Terrestrial meat
Bovine meat,l_green_wf,per_kg_nut_adjusted,9084.609093943494,11949.488846695005,15282.513530365646,3333.024683670641,2864.8797527515108,10564.42847378245,Terrestrial meat
Bovine meat,l_green_wf,per_serving,1450.9545257974887,1908.5207457784504,2440.8570520913727,532.3363063129223,457.5662199809617,1687.3048854372473,Terrestrial meat
Butter,kg_co2_luc_feed_palm,per_g_protein,0.0,0.0,0.0027540244354036254,0.0027540244354036254,0.0,0.006302621247015546,Dairy and eggs
Butter,kg_co2_luc_feed_palm,per_kcal,0.0,0.0,2.200350277324424e-06,2.200350277324424e-06,0.0,5.035530633085683e-06,Dairy and eggs
Butter,kg_co2_luc_feed_palm,per_kg_edible_wt,0.0,0.0,0.01712943420517465,0.01712943420517465,0.0,0.03920093612207408,Dairy and eggs
Butter,kg_co2_luc_feed_palm,per_kg_nut_adjusted,0.0,0.0,0.01712943420517465,0.01712943420517465,0.0,0.03920093612207408,Dairy and eggs
Butter,kg_co2_luc_feed_palm,per_serving,0.0,0.0,0.00024323796571348004,0.00024323796571348004,0.0,0.0005566532929334516,Dairy and eggs
Butter,kg_co2_luc_feed_soy,per_g_protein,0.0,0.00931895270138922,0.02877837975628949,0.01945942705490027,0.00931895270138922,0.024523689223425797,Dairy and eggs
Butter,kg_co2_luc_feed_soy,per_kcal,0.0,7.445453241909885e-06,2.2992721147885795e-05,1.554726790597591e-05,7.445453241909885e-06,1.9593401456466947e-05,Dairy and eggs
Butter,kg_co2_luc_feed_soy,per_kg_edible_wt,0.0,0.05796186304940549,0.17899527550656746,0.12103341245716198,0.05796186304940549,0.15253202390677303,Dairy and eggs
Butter,kg_co2_luc_feed_soy,per_kg_nut_adjusted,0.0,0.05796186304940549,0.17899527550656746,0.12103341245716198,0.05796186304940549,0.15253202390677303,Dairy and eggs
Butter,kg_co2_luc_feed_soy,per_serving,0.0,0.0008230584553015578,0.002541732912193258,0.0017186744568917002,0.0008230584553015578,0.002165954739476177,Dairy and eggs
Butter,kg_co2_luc_pasture,per_g_protein,0.0,0.0,0.0,0.0,0.0,0.010810693264678007,Dairy and eggs
Butter,kg_co2_luc_pasture,per_kcal,0.0,0.0,0.0,0.0,0.0,8.63729152770473e-06,Dairy and eggs
Butter,kg_co2_luc_pasture,per_kg_edible_wt,0.0,0.0,0.0,0.0,0.0,0.06724016555883855,Dairy and eggs
Butter,kg_co2_luc_pasture,per_kg_nut_adjusted,0.0,0.0,0.0,0.0,0.0,0.06724016555883855,Dairy and eggs
Butter,kg_co2_luc_pasture,per_serving,0.0,0.0,0.0,0.0,0.0,0.0009548103509355074,Dairy and eggs
Butter,kg_co2e_excl_luc,per_g_protein,1.9540851285616891,2.538737377620633,5.968444944162419,3.4297075665417864,0.5846522490589436,2.687896931305682,Dairy and eggs
Butter,kg_co2e_excl_luc,per_kcal,0.0015612322458991156,0.0020283449271875286,0.0047685377512486134,0.002740192824061085,0.00046711268128841305,0.0021475171687614794,Dairy and eggs
Butter,kg_co2e_excl_luc,per_kg_edible_wt,12.153985349843872,15.790395435542624,37.12243205396756,21.332036618424933,3.6364100856987527,16.718135483189222,Dairy and eggs
Butter,kg_co2e_excl_luc,per_kg_nut_adjusted,12.153985349843872,15.790395435542624,37.12243205396756,21.332036618424933,3.6364100856987527,16.718135483189222,Dairy and eggs
Butter,kg_co2e_excl_luc,per_serving,0.17258659196778295,0.22422361518470527,0.5271385351663394,0.3029149199816341,0.05163702321692232,0.23739752386128682,Dairy and eggs
Butter,l_blue_wf_excl_pond,per_g_protein,38.42724515702332,66.63231315738182,125.3592900051203,58.726976847738484,28.205068000358494,97.9430740876926,Dairy and eggs
Butter,l_blue_wf_excl_pond,per_kcal,0.030701760830846764,0.05323642987689229,0.10015682685383784,0.04692039697694555,0.022534669046045525,0.07825241761127523,Dairy and eggs
Butter,l_blue_wf_excl_pond,per_kg_edible_wt,239.00912393570576,414.4385247622856,779.7075735950784,365.2690488327928,175.42940082657987,609.1846614976726,Dairy and eggs
Butter,l_blue_wf_excl_pond,per_kg_nut_adjusted,239.00912393570576,414.4385247622856,779.7075735950784,365.2690488327928,175.42940082657987,609.1846614976726,Dairy and eggs
Butter,l_blue_wf_excl_pond,per_serving,3.393929559887021,5.885027051624456,11.071847545050112,5.186820493425656,2.4910974917374347,8.650422193266953,Dairy and eggs
Butter,l_green_wf,per_g_protein,706.2191402326948,930.5910644821926,1325.4917251988318,394.9006607166392,224.37192424949774,714.1333178796065,Dairy and eggs
Butter,l_green_wf,per_kcal,0.5642395401749896,0.7435033184478361,1.0590124211098493,0.31550910266201315,0.17926377827284656,0.5705626369334337,Dairy and eggs
Butter,l_green_wf,per_kg_edible_wt,4392.529761733222,5788.074428843964,8244.270822153845,2456.1963933098814,1395.544667110742,4441.754228861442,Dairy and eggs
Butter,l_green_wf,per_kg_nut_adjusted,4392.529761733222,5788.074428843964,8244.270822153845,2456.1963933098814,1395.544667110742,4441.754228861442,Dairy and eggs
Butter,l_green_wf,per_serving,62.37392261661174,82.19065688958428,117.06864567458459,34.87798878500031,19.816734272972532,63.07291004983246,Dairy and eggs
Cephalopods,kg_co2e_excl_luc,per_g_protein,0.04711042868888353,0.04895234018649401,0.05051088068447211,0.0015585404979781003,0.0018419114976104822,0.04876342618673909,Aquatic animals
Cephalopods,kg_co2e_excl_luc,per_kcal,0.009225292413379188,0.00958598053781206,0.00989117818156295,0.0003051976437508895,0.0003606881244328716,0.009548986884024072,Aquatic animals
Cephalopods,kg_co2e_excl_luc,per_kg_edible_wt,9.568345323741006,9.942446043165466,10.258992805755394,0.31654676258992787,0.3741007194244599,9.904076738609112,Aquatic animals
Cephalopods,kg_co2e_excl_luc,per_kg_nut_adjusted,6.65,6.91,7.13,0.21999999999999975,0.2599999999999998,6.883333333333333,Aquatic animals
Cephalopods,kg_co2e_excl_luc,per_serving,1.214588618060775,1.2620762933533767,1.3022581724471167,0.04018187909374005,0.04748767529260167,1.2572057625541355,Aquatic animals
Eggs,kg_co2_luc_feed_soy,per_g_protein,0.0,0.0005946922617131028,0.004531446188969687,0.003936753927256584,0.0005946922617131028,0.010326339245530142,Dairy and eggs
Eggs,kg_co2_luc_feed_soy,per_kcal,0.0,4.626927820901105e-05,0.00035256343138318955,0.0003062941531741785,4.626927820901105e-05,0.0008034277460677044,Dairy and eggs
Eggs,kg_co2_luc_feed_soy,per_kg_edible_wt,0.0,0.06658985419091823,0.5074025011326883,0.44081264694177,0.06658985419091823,1.1562777405325342,Dairy and eggs
Eggs,kg_co2_luc_feed_soy,per_kg_nut_adjusted,0.0,0.06658985419091823,0.5074025011326883,0.44081264694177,0.06658985419091823,1.1562777405325342,Dairy and eggs
Eggs,kg_co2_luc_feed_soy,per_serving,0.0,0.0033294927095459115,0.025370125056634413,0.0220406323470885,0.0033294927095459115,0.057813887026626695,Dairy and eggs
Eggs,kg_co2e_excl_luc,per_g_protein,0.015017450452561476,0.030400665227948258,0.050480325875695724,0.020079660647747466,0.015383214775386782,0.03143776809430641,Dairy and eggs
Eggs,kg_co2e_excl_luc,per_kcal,0.0011684137119558158,0.002365285253786504,0.003927557818384579,0.0015622725645980749,0.0011968715418306881,0.002445975728750239,Dairy and eggs
Eggs,kg_co2e_excl_luc,per_kg_edible_wt,1.6815585141039588,3.404072988951404,5.652465579238177,2.2483925902867727,1.7225144748474452,3.5202011666627357,Dairy and eggs
Eggs,kg_co2e_excl_luc,per_kg_nut_adjusted,1.6815585141039588,3.404072988951404,5.652465579238177,2.2483925902867727,1.7225144748474452,3.5202011666627357,Dairy and eggs
Eggs,kg_co2e_excl_luc,per_serving,0.08407792570519794,0.1702036494475702,0.28262327896190886,0.11241962951433868,0.08612572374237225,0.1760100583331368,Dairy and eggs
Eggs,l_blue_wf_excl_pond,per_g_protein,0.7469526986140356,1.5113238681214605,2.646827916667738,1.1355040485462777,0.7643711695074249,2.3445697001110273,Dairy and eggs
Eggs,l_blue_wf_excl_pond,per_kcal,0.05811570865507182,0.117586639376461,0.20593309368931778,0.08834645431285679,0.059470930721389176,0.18241627597836388,Dairy and eggs
Eggs,l_blue_wf_excl_pond,per_kg_edible_wt,83.63900876217778,169.2284270246882,296.374942784081,127.1465157593928,85.5894182625104,262.52999159783474,Dairy and eggs
Eggs,l_blue_wf_excl_pond,per_kg_nut_adjusted,83.63900876217778,169.2284270246882,296.374942784081,127.1465157593928,85.5894182625104,262.52999159783474,Dairy and eggs
Eggs,l_blue_wf_excl_pond,per_serving,4.181950438108888,8.461421351234408,14.81874713920405,6.357325787969641,4.27947091312552,13.126499579891737,Dairy and eggs
Eggs,l_green_wf,per_g_protein,16.8885411039002,26.176510974611332,39.54532105795972,13.368810083348386,9.287969870711134,24.00633218030069,Dairy and eggs
Eggs,l_green_wf,per_kcal,1.3139915502341908,2.036630282251472,3.0767736183830143,1.0401433361315422,0.7226387320172813,1.8677822698223188,Dairy and eggs
Eggs,l_green_wf,per_kg_edible_wt,1891.0713355617643,2931.0790828269733,4428.033342147264,1496.954259320291,1040.007747265209,2688.0762748451107,Dairy and eggs
Eggs,l_green_wf,per_kg_nut_adjusted,1891.0713355617643,2931.0790828269733,4428.033342147264,1496.954259320291,1040.007747265209,2688.0762748451107,Dairy and eggs
Eggs,l_green_wf,per_serving,94.55356677808822,146.55395414134867,221.4016671073632,74.84771296601454,52.000387363260444,134.40381374225555,Dairy and eggs
Farmed carp & tilapia,kg_co2e_excl_luc,per_g_protein,0.014101004324648487,0.019465642781766195,0.03302596570476686,0.013560322923000665,0.005364638457117708,0.022774009009960523,Aquatic animals
Farmed carp & tilapia,kg_co2e_excl_luc,per_kcal,0.0022173212747211377,0.003060887215720223,0.005193188704111379,0.002132301488391156,0.0008435659409990852,0.003581113339580168,Aquatic animals
Farmed carp & tilapia,kg_co2e_excl_luc,per_kg_edible_wt,3.236702127659574,4.468085106382978,7.580680851063829,3.112595744680851,1.231382978723404,5.227477541371158,Aquatic animals
Farmed carp & tilapia,kg_co2e_excl_luc,per_kg_nut_adjusted,1.5212500000000002,2.1,3.56292,1.46292,0.5787499999999999,2.4569144444444446,Aquatic animals
Farmed carp & tilapia,kg_co2e_excl_luc,per_serving,0.3932528351063829,0.5428634042553191,0.921037562042553,0.37817415778723396,0.14961056914893617,0.6351280663215131,Aquatic animals
Farmed crustaceans,l_blue_wf_brackish_pond,per_g_protein,26.35669933876164,26.51062503701058,55.65650045158131,29.145875414570728,0.15392569824894053,33.72013104152879,Aquatic animals
Farmed crustaceans,l_blue_wf_brackish_pond,per_kcal,5.373001768397282,5.404380623475583,11.345975894233536,5.941595270757953,0.03137885507830074,6.874090013625921,Aquatic animals
Farmed crustaceans,l_blue_wf_brackish_pond,per_kg_edible_wt,4734.937786446315,4762.5902855539025,9998.598977148731,5236.008691594829,27.652499107587573,6057.766208898816,Aquatic animals
Farmed crustaceans,l_blue_wf_brackish_pond,per_kg_nut_adjusted,2367.4688932231575,2381.2951427769513,4999.299488574366,2618.0043457974143,13.826249553793787,3028.883104449408,Aquatic animals
Farmed crustaceans,l_blue_wf_brackish_pond,per_serving,649.5158545554162,653.30909058058,1371.5594273676313,718.2503367870513,3.7932360251637647,830.9750567647609,Aquatic animals
Farmed crustaceans,l_blue_wf_excl_pond,per_g_protein,2.087411218015943,2.2377048257130907,2.3601662838366924,0.12246145812360165,0.15029360769714772,2.37607036930729,Aquatic animals
Farmed crustaceans,l_blue_wf_excl_pond,per_kcal,0.4255337142795267,0.45617214170765263,0.4811367862787182,0.024964644571065564,0.030638427428125947,0.4843789479113242,Aquatic animals
Farmed crustaceans,l_blue_wf_excl_pond,per_kg_edible_wt,375.0,402.0,424.0,22.0,27.0,426.85714285714283,Aquatic animals
Farmed crustaceans,l_blue_wf_excl_pond,per_kg_nut_adjusted,187.5,201.0,212.0,11.0,13.5,213.42857142857142,Aquatic animals
Farmed crustaceans,l_blue_wf_excl_pond,per_serving,51.44068548387096,55.14441483870967,58.162268387096766,3.0178535483870945,3.703729354838714,58.55419741935483,Aquatic animals
Farmed crustaceans,l_blue_wf_freshwater_pond,per_g_protein,11.447006827488803,22.788834419196697,22.788834419196697,0.0,11.341827591707894,11.932667143252937,Aquatic animals
Farmed crustaceans,l_blue_wf_freshwater_pond,per_kcal,2.3335542564125515,4.645666972949949,4.645666972949949,0.0,2.312112716537398,2.432559587159845,Aquatic animals
Farmed crustaceans,l_blue_wf_freshwater_pond,per_kg_edible_wt,2056.43599270698,4093.9767082987346,4093.9767082987346,0.0,2037.5407155917546,2143.684071494568,Aquatic animals
Farmed crustaceans,l_blue_wf_freshwater_pond,per_kg_nut_adjusted,1028.21799635349,2046.9883541493673,2046.9883541493673,0.0,1018.7703577958773,1071.842035747284,Aquatic animals
Farmed crustaceans,l_blue_wf_freshwater_pond,per_serving,282.0919389828046,561.5919152797028,561.5919152797028,0.0,279.4999762968982,294.0602082627627,Aquatic animals
Farmed crustaceans,l_green_wf,per_g_protein,16.754954043274633,18.859064551034702,20.957608628880067,2.0985440778453643,2.104110507760069,18.79862902624643,Aquatic animals
Farmed crustaceans,l_green_wf,per_kcal,3.415617279950334,3.844555263944097,4.2723584913664485,0.42780322742235155,0.4289379839937628,3.8322350497401945,Aquatic animals
Farmed crustaceans,l_green_wf,per_kg_edible_wt,3010.0,3388.0,3765.0,377.0,378.0,3377.1428571428573,Aquatic animals
Farmed crustaceans,l_green_wf,per_kg_nut_adjusted,1505.0,1694.0,1882.5,188.5,189.0,1688.5714285714287,Aquatic animals
Farmed crustaceans,l_green_wf,per_serving,412.89723548387093,464.74944645161287,516.4644822580644,51.71503580645157,51.85221096774194,463.2601161290322,Aquatic animals
Farmed salmon,kg_co2e_excl_luc,per_g_protein,0.01863835296354113,0.021319513522886784,0.030310786617321644,0.00899127309443486,0.002681160559345655,0.022417313980087027,Aquatic animals
Farmed salmon,kg_co2e_excl_luc,per_kcal,0.002930799509052114,0.003352400283884054,0.004766238664478633,0.0014138383805945786,0.0004216007748319402,0.003525024605748402,Aquatic animals
Farmed salmon,kg_co2e_excl_luc,per_kg_edible_wt,2.8725,3.2857142857142865,4.671428571428572,1.3857142857142852,0.4132142857142864,3.454904761904762,Aquatic animals
Farmed salmon,kg_co2e_excl_luc,per_kg_nut_adjusted,2.01075,2.3000000000000003,3.27,0.9699999999999998,0.28925000000000045,2.4184333333333337,Aquatic animals
Farmed salmon,kg_co2e_excl_luc,per_serving,0.3490030050000001,0.39920771428571444,0.5675692285714287,0.16836151428571422,0.050204709285714355,0.4197640187619049,Aquatic animals
Forage fish,kg_co2e_excl_luc,per_g_protein,0.002655360230815793,0.0026778632836193163,0.004314960375075664,0.0016370970914563474,2.250305280352338e-05,0.00351703962775072,Aquatic animals
Forage fish,kg_co2e_excl_luc,per_kcal,0.00036677173564835566,0.0003698799706962231,0.000596004070428578,0.00022612409973235493,3.1082350478674387e-06,0.0004857912360229456,Aquatic animals
Forage fish,kg_co2e_excl_luc,per_kg_edible_wt,0.6616822429906543,0.6672897196261682,1.0752336448598132,0.407943925233645,0.005607476635513975,0.8764018691588786,Aquatic animals
Forage fish,kg_co2e_excl_luc,per_kg_nut_adjusted,0.354,0.357,0.57525,0.21825000000000006,0.0030000000000000027,0.468875,Aquatic animals
Forage fish,kg_co2e_excl_luc,per_serving,0.0803930691588785,0.08107436635514019,0.13063873738317758,0.04956437102803739,0.0006812971962616848,0.10648107429906543,Aquatic animals
Fruits,kg_co2e_excl_luc,per_g_protein,0.02579983434932558,0.03558808926234759,0.07137389013170822,0.03578580086936063,0.009788254913022012,0.05712096365430548,Plant foods
Fruits,kg_co2e_excl_luc,per_kcal,0.00034239836353946665,0.00044100909223883307,0.00059461587426288,0.00015360678202404695,9.861072869936642e-05,0.0006497836877884198,Plant foods
Fruits,kg_co2e_excl_luc,per_kg_edible_wt,0.12,0.18,0.27,0.09000000000000002,0.06,0.2655395493059711,Plant foods
Fruits,kg_co2e_excl_luc,per_kg_nut_adjusted,0.12,0.18,0.27,0.09000000000000002,0.06,0.2655395493059711,Plant foods
Fruits,kg_co2e_excl_luc,per_serving,0.016800000000000002,0.0252,0.03780000000000001,0.012600000000000007,0.008399999999999998,0.03717553690283597,Plant foods
Fruits,l_blue_wf_excl_pond,per_g_protein,9.27753584391387,22.56317979727505,51.576246163025004,29.013066365749953,13.28564395336118,28.927070216359972,Plant foods
Fruits,l_blue_wf_excl_pond,per_kcal,0.10370077755934719,0.3134463503920567,0.6704929354749042,0.3570465850828475,0.2097455728327095,0.33380048258321365,Plant foods
Fruits,l_blue_wf_excl_pond,per_kg_edible_wt,46.66332724343901,120.39115201884577,200.12004700280247,79.72889498395669,73.72782477540676,158.30212651913453,Plant foods
Fruits,l_blue_wf_excl_pond,per_kg_nut_adjusted,46.66332724343901,120.39115201884577,200.12004700280247,79.72889498395669,73.72782477540676,158.30212651913453,Plant foods
Fruits,l_blue_wf_excl_pond,per_serving,6.53286581408146,16.854761282638407,28.016806580392345,11.162045297753938,10.321895468556946,22.162297712678836,Plant foods
Fruits,l_green_wf,per_g_protein,58.07869514925987,113.27135005872138,197.06192903256343,83.79057897384205,55.19265490946151,136.7898620004602,Plant foods
Fruits,l_green_wf,per_kcal,0.7044801862889858,1.390664560920992,2.366976017419103,0.9763114564981108,0.6861843746320062,1.5673364714658802,Plant foods
Fruits,l_green_wf,per_kg_edible_wt,287.16658423850475,526.8436228820333,1106.6374153770223,579.793792494989,239.67703864352853,672.5702905916692,Plant foods
Fruits,l_green_wf,per_kg_nut_adjusted,287.16658423850475,526.8436228820333,1106.6374153770223,579.793792494989,239.67703864352853,672.5702905916692,Plant foods
Fruits,l_green_wf,per_serving,40.203321793390664,73.75810720348466,154.92923815278314,81.17113094929849,33.55478541009399,94.15984068283369,Plant foods
Full-fat cheese,kg_co2_luc_feed_palm,per_g_protein,0.0,0.0,4.1074627858712646e-05,4.1074627858712646e-05,0.0,6.024752142617425e-05,Dairy and eggs
Full-fat cheese,kg_co2_luc_feed_palm,per_kcal,0.0,0.0,2.8036916009517236e-06,2.8036916009517236e-06,0.0,4.112404143544634e-06,Dairy and eggs
Full-fat cheese,kg_co2_luc_feed_palm,per_kg_edible_wt,0.0,0.0,0.010196091788794435,0.010196091788794435,0.0,0.014955443068690653,Dairy and eggs
Full-fat cheese,kg_co2_luc_feed_palm,per_kg_nut_adjusted,0.0,0.0,0.00305882753663833,0.00305882753663833,0.0,0.0044866329206071955,Dairy and eggs
Full-fat cheese,kg_co2_luc_feed_palm,per_serving,0.0,0.0,0.000305882753663833,0.000305882753663833,0.0,0.00044866329206071955,Dairy and eggs
Full-fat cheese,kg_co2_luc_feed_soy,per_g_protein,0.0,0.00013898660786080085,0.00042921232784670605,0.00029022571998590517,0.00013898660786080085,0.0004698791368405092,Dairy and eggs
Full-fat cheese,kg_co2_luc_feed_soy,per_kcal,0.0,9.487014378912775e-06,2.929738043514591e-05,1.9810366056233138e-05,9.487014378912775e-06,3.207323494089158e-05,Dairy and eggs
Full-fat cheese,kg_co2_luc_feed_soy,per_kg_edible_wt,0.0,0.034501108957979455,0.1065448068491473,0.07204369789116785,0.034501108957979455,0.11663966440170905,Dairy and eggs
Full-fat cheese,kg_co2_luc_feed_soy,per_kg_nut_adjusted,0.0,0.010350332687393837,0.03196344205474419,0.021613109367350353,0.010350332687393837,0.034991899320512714,Dairy and eggs
Full-fat cheese,kg_co2_luc_feed_soy,per_serving,0.0,0.0010350332687393837,0.003196344205474419,0.0021613109367350355,0.0010350332687393837,0.0034991899320512714,Dairy and eggs
Full-fat cheese,kg_co2_luc_pasture,per_g_protein,0.0,0.0,0.0,0.0,0.0,0.0006153890662242919,Dairy and eggs
Full-fat cheese,kg_co2_luc_pasture,per_kcal,0.0,0.0,0.0,0.0,0.0,4.200552132146931e-05,Dairy and eggs
Full-fat cheese,kg_co2_luc_pasture,per_kg_edible_wt,0.0,0.0,0.0,0.0,0.0,0.15276007920574342,Dairy and eggs
Full-fat cheese,kg_co2_luc_pasture,per_kg_nut_adjusted,0.0,0.0,0.0,0.0,0.0,0.04582802376172302,Dairy and eggs
Full-fat cheese,kg_co2_luc_pasture,per_serving,0.0,0.0,0.0,0.0,0.0,0.004582802376172302,Dairy and eggs
Full-fat cheese,kg_co2e_excl_luc,per_g_protein,0.029144011370455684,0.040304632304599984,0.08901578788670313,0.04871115558210314,0.0111606209341443,0.0392481993744046,Dairy and eggs
Full-fat cheese,kg_co2e_excl_luc,per_kcal,0.001989325872371984,0.0027511328760069296,0.006076082240075876,0.0033249493640689462,0.0007618070036349458,0.0026790223715966177,Dairy and eggs
Full-fat cheese,kg_co2e_excl_luc,per_kg_edible_wt,7.234515089192781,10.0049532257452,22.09668574640927,12.09173252066407,2.7704381365524196,9.742711358039701,Dairy and eggs
Full-fat cheese,kg_co2e_excl_luc,per_kg_nut_adjusted,2.1703545267578344,3.00148596772356,6.629005723922781,3.6275197561992205,0.8311314409657258,2.92281340741191,Dairy and eggs
Full-fat cheese,kg_co2e_excl_luc,per_serving,0.21703545267578345,0.300148596772356,0.6629005723922781,0.36275197561992206,0.08311314409657256,0.29228134074119105,Dairy and eggs
Full-fat cheese,l_blue_wf_excl_pond,per_g_protein,0.4503657997089745,0.816722326331987,1.6548986067925346,0.8381762804605476,0.36635652662301255,1.2252810930179139,Dairy and eggs
Full-fat cheese,l_blue_wf_excl_pond,per_kcal,0.03074128423861349,0.05574822331983782,0.11296086090544458,0.057212637585606754,0.02500693908122433,0.08363582309536575,Dairy and eggs
Full-fat cheese,l_blue_wf_excl_pond,per_kg_edible_wt,111.79580368109109,202.73770547314354,410.8009974928001,208.06329201965656,90.94190179205245,304.15560999014673,Dairy and eggs
Full-fat cheese,l_blue_wf_excl_pond,per_kg_nut_adjusted,33.53874110432732,60.82131164194306,123.24029924784003,62.418987605896966,27.28257053761574,91.24668299704402,Dairy and eggs
Full-fat cheese,l_blue_wf_excl_pond,per_serving,3.3538741104327325,6.0821311641943065,12.324029924784003,6.241898760589697,2.728257053761574,9.124668299704403,Dairy and eggs
Full-fat cheese,l_green_wf,per_g_protein,10.079458605284582,13.60869978199721,18.917979157838676,5.3092793758414665,3.5292411767126275,11.232944730797886,Dairy and eggs
Full-fat cheese,l_green_wf,per_kcal,0.6880085080985726,0.9289091409398094,1.2913124728544876,0.3624033319146782,0.24090063284123675,0.7667437159509791,Dairy and eggs
Full-fat cheese,l_green_wf,per_kg_edible_wt,2502.0576077851424,3378.1329092177734,4696.07302628082,1317.9401170630467,876.075301432631,2788.3913136750616,Dairy and eggs
Full-fat cheese,l_green_wf,per_kg_nut_adjusted,750.6172823355428,1013.439872765332,1408.8219078842458,395.3820351189138,262.8225904297892,836.5173941025186,Dairy and eggs
Full-fat cheese,l_green_wf,per_serving,75.06172823355428,101.3439872765332,140.88219078842457,39.53820351189137,26.28225904297892,83.65173941025184,Dairy and eggs
Full-fat yogurt,kg_co2_luc_feed_palm,per_g_protein,0.0,0.0,0.00011018831183855656,0.00011018831183855656,0.0,0.00016162222336481253,Dairy and eggs
Full-fat yogurt,kg_co2_luc_feed_palm,per_kcal,0.0,0.0,6.268089214422807e-06,6.268089214422807e-06,0.0,9.193919919277038e-06,Dairy and eggs
Full-fat yogurt,kg_co2_luc_feed_palm,per_kg_edible_wt,0.0,0.0,0.003823534420797913,0.003823534420797913,0.0,0.005608291150758996,Dairy and eggs
Full-fat yogurt,kg_co2_luc_feed_palm,per_kg_nut_adjusted,0.0,0.0,0.00305882753663833,0.00305882753663833,0.0,0.0044866329206071955,Dairy and eggs
Full-fat yogurt,kg_co2_luc_feed_palm,per_serving,0.0,0.0,0.0006500008515356451,0.0006500008515356451,0.0,0.0009534094956290291,Dairy and eggs
Full-fat yogurt,kg_co2_luc_feed_soy,per_g_protein,0.0,0.0003728506011309019,0.0011514208232977013,0.0007785702221667994,0.0003728506011309019,0.0012605151052057892,Dairy and eggs
Full-fat yogurt,kg_co2_luc_feed_soy,per_kcal,0.0,2.12096981299054e-05,6.549885666955776e-05,4.428915853965236e-05,2.12096981299054e-05,7.17047117223621e-05,Dairy and eggs
Full-fat yogurt,kg_co2_luc_feed_soy,per_kg_edible_wt,0.0,0.012937915859242295,0.03995430256843023,0.027016386709187934,0.012937915859242295,0.043739874150640894,Dairy and eggs
Full-fat yogurt,kg_co2_luc_feed_soy,per_kg_nut_adjusted,0.0,0.010350332687393837,0.03196344205474419,0.021613109367350353,0.010350332687393837,0.034991899320512714,Dairy and eggs
Full-fat yogurt,kg_co2_luc_feed_soy,per_serving,0.0,0.0021994456960711902,0.00679223143663314,0.004592785740561951,0.0021994456960711902,0.0074357786056089515,Dairy and eggs
Full-fat yogurt,kg_co2_luc_pasture,per_g_protein,0.0,0.0,0.0,0.0,0.0,0.0016508654092839703,Dairy and eggs
Full-fat yogurt,kg_co2_luc_pasture,per_kcal,0.0,0.0,0.0,0.0,0.0,9.390988475762912e-05,Dairy and eggs
Full-fat yogurt,kg_co2_luc_pasture,per_kg_edible_wt,0.0,0.0,0.0,0.0,0.0,0.057285029702153774,Dairy and eggs
Full-fat yogurt,kg_co2_luc_pasture,per_kg_nut_adjusted,0.0,0.0,0.0,0.0,0.0,0.04582802376172302,Dairy and eggs
Full-fat yogurt,kg_co2_luc_pasture,per_serving,0.0,0.0,0.0,0.0,0.0,0.009738455049366143,Dairy and eggs
Full-fat yogurt,kg_co2e_excl_luc,per_g_protein,0.0781827999552534,0.10812269336179971,0.2387970361643653,0.13067434280256557,0.029939893406546306,0.1052886674139737,Dairy and eggs
Full-fat yogurt,kg_co2e_excl_luc,per_kcal,0.004447447800733266,0.006150585999433524,0.013584028122792581,0.0074334421233590575,0.0017031381987002575,0.005989371736499816,Dairy and eggs
Full-fat yogurt,kg_co2e_excl_luc,per_kg_edible_wt,2.7129431584472927,3.75185745965445,8.286257154903474,4.534399695249024,1.038914301207157,3.653516759264887,Dairy and eggs
Full-fat yogurt,kg_co2e_excl_luc,per_kg_nut_adjusted,2.1703545267578344,3.00148596772356,6.629005723922781,3.6275197561992205,0.8311314409657258,2.92281340741191,Dairy and eggs
Full-fat yogurt,kg_co2e_excl_luc,per_serving,0.4612003369360398,0.6378157681412565,1.4086637163335909,0.7708479481923344,0.17661543120521672,0.621097849075031,Dairy and eggs
Full-fat yogurt,l_blue_wf_excl_pond,per_g_protein,1.208167907216402,2.190969439551263,4.439492047832854,2.248522608281591,0.9828015323348609,3.2869842578185886,Dairy and eggs
Full-fat yogurt,l_blue_wf_excl_pond,per_kcal,0.06872692849247401,0.12463383533185052,0.2525415968193443,0.12790776148749378,0.055906906839376505,0.18698090778082788,Dairy and eggs
Full-fat yogurt,l_blue_wf_excl_pond,per_kg_edible_wt,41.923426380409154,76.02663955242882,154.05037405980005,78.02373450737123,34.103213172019665,114.05835374630502,Dairy and eggs
Full-fat yogurt,l_blue_wf_excl_pond,per_kg_nut_adjusted,33.53874110432732,60.82131164194306,123.24029924784003,62.418987605896966,27.28257053761574,91.24668299704402,Dairy and eggs
Full-fat yogurt,l_blue_wf_excl_pond,per_serving,7.126982484669556,12.924528723912902,26.188563590166005,13.264034866253104,5.797546239243346,19.389920136871854,Dairy and eggs
Full-fat yogurt,l_green_wf,per_g_protein,27.039527461655,36.507200027569596,50.75006872781866,14.242868700249062,9.467672565914597,30.133911891301093,Dairy and eggs
Full-fat yogurt,l_green_wf,per_kcal,1.5381501687203742,2.0767210507486307,2.886930139107061,0.8102090883584303,0.5385708820282564,1.7141749879149961,Dairy and eggs
Full-fat yogurt,l_green_wf,per_kg_edible_wt,938.2716029194283,1266.7998409566649,1761.0273848553072,494.22754389864235,328.5282380372365,1045.6467426281479,Dairy and eggs
Full-fat yogurt,l_green_wf,per_kg_nut_adjusted,750.6172823355428,1013.439872765332,1408.8219078842458,395.3820351189138,262.8225904297892,836.5173941025186,Dairy and eggs
Full-fat yogurt,l_green_wf,per_serving,159.50617249630284,215.35597296263305,299.37465542540224,84.01868246276919,55.84980046633021,177.75994624678518,Dairy and eggs
Grains,kg_co2e_excl_luc,per_g_protein,0.003337740711254839,0.0057369428546204335,0.007628913370505896,0.0018919705158854626,0.0023992021433655946,0.007530375653251882,Plant foods
Grains,kg_co2e_excl_luc,per_kcal,0.00010234698562740281,0.00016256627325933893,0.00023516001083321694,7.2593737573878e-05,6.021928763193612e-05,0.00020034067308137508,Plant foods
Grains,kg_co2e_excl_luc,per_kg_edible_wt,0.28,0.487306,0.59,0.10269399999999995,0.207306,0.5978856643090174,Plant foods
Grains,kg_co2e_excl_luc,per_kg_nut_adjusted,0.28,0.487306,0.59,0.10269399999999995,0.207306,0.5978856643090174,Plant foods
Grains,kg_co2e_excl_luc,per_serving,0.012600000000000002,0.02192877,0.026549999999999997,0.004621229999999997,0.009328769999999998,0.026904854893905778,Plant foods
Grains,l_blue_wf_excl_pond,per_g_protein,0.33058304362635876,1.1430061798580018,5.088830946733269,3.9458247668752673,0.812423136231643,3.244710745501226,Plant foods
Grains,l_blue_wf_excl_pond,per_kcal,0.00913376922847124,0.034858126573737304,0.1406056203272003,0.10574749375346301,0.025724357345266062,0.07865291555731488,Plant foods
Grains,l_blue_wf_excl_pond,per_kg_edible_wt,23.83310245695453,103.76206615725097,418.9456750387569,315.18360888150596,79.92896370029644,251.89794987013204,Plant foods
Grains,l_blue_wf_excl_pond,per_kg_nut_adjusted,23.83310245695453,103.76206615725097,418.9456750387569,315.18360888150596,79.92896370029644,251.89794987013204,Plant foods
Grains,l_blue_wf_excl_pond,per_serving,1.0724896105629538,4.669292977076294,18.85255537674406,14.183262399667766,3.59680336651334,11.335407744155946,Plant foods
Grains,l_green_wf,per_g_protein,11.385004776565829,22.372040473348353,40.56281642911364,18.190775955765286,10.987035696782524,17.984347281054,Plant foods
Grains,l_green_wf,per_kcal,0.33542840723993866,0.6382208065798696,1.169278578574616,0.5310577719947465,0.3027923993399309,0.44586356183424,Plant foods
Grains,l_green_wf,per_kg_edible_wt,929.2837512774838,1835.5228263249246,3309.0044929589103,1473.4816666339857,906.2390750474408,1382.9774302633477,Plant foods
Grains,l_green_wf,per_kg_nut_adjusted,929.2837512774838,1835.5228263249246,3309.0044929589103,1473.4816666339857,906.2390750474408,1382.9774302633477,Plant foods
Grains,l_green_wf,per_serving,41.81776880748677,82.5985271846216,148.90520218315098,66.30667499852937,40.78075837713483,62.23398436185064,Plant foods
Insects,kg_co2e_excl_luc,per_g_protein,0.014191780821917807,0.014301369863013698,0.014410958904109589,0.0001095890410958908,0.0001095890410958908,0.014301369863013698,Terrestrial meat
Insects,kg_co2e_excl_luc,per_kcal,0.0011285403050108932,0.0011372549019607841,0.0011459694989106753,8.714596949891155e-06,8.714596949890938e-06,0.0011372549019607841,Terrestrial meat
Insects,kg_co2e_excl_luc,per_kg_edible_wt,2.59,2.61,2.63,0.020000000000000018,0.020000000000000018,2.61,Terrestrial meat
Insects,kg_co2e_excl_luc,per_kg_nut_adjusted,2.59,2.61,2.63,0.020000000000000018,0.020000000000000018,2.61,Terrestrial meat
Insects,kg_co2e_excl_luc,per_serving,0.09790027333333332,0.09865625999999998,0.09941224666666665,0.0007559866666666665,0.0007559866666666665,0.09865625999999998,Terrestrial meat
Insects,l_blue_wf_excl_pond,per_g_protein,2.16986301369863,2.16986301369863,2.16986301369863,0.0,0.0,2.16986301369863,Terrestrial meat
Insects,l_blue_wf_excl_pond,per_kcal,0.17254901960784313,0.17254901960784313,0.17254901960784313,0.0,0.0,0.17254901960784313,Terrestrial meat
Insects,l_blue_wf_excl_pond,per_kg_edible_wt,396.0,396.0,396.0,0.0,0.0,396.0,Terrestrial meat
Insects,l_blue_wf_excl_pond,per_kg_nut_adjusted,396.0,396.0,396.0,0.0,0.0,396.0,Terrestrial meat
Insects,l_blue_wf_excl_pond,per_serving,14.968535999999999,14.968535999999999,14.968535999999999,0.0,0.0,14.968535999999999,Terrestrial meat
Insects,l_green_wf,per_g_protein,18.975342465753425,18.975342465753425,18.975342465753425,0.0,0.0,18.975342465753425,Terrestrial meat
Insects,l_green_wf,per_kcal,1.5089324618736384,1.5089324618736384,1.5089324618736384,0.0,0.0,1.5089324618736384,Terrestrial meat
Insects,l_green_wf,per_kg_edible_wt,3463.0,3463.0,3463.0,0.0,0.0,3463.0,Terrestrial meat
Insects,l_green_wf,per_kg_nut_adjusted,3463.0,3463.0,3463.0,0.0,0.0,3463.0,Terrestrial meat
Insects,l_green_wf,per_serving,130.8990913333333,130.8990913333333,130.8990913333333,0.0,0.0,130.8990913333333,Terrestrial meat
Nuts and seeds,kg_co2e_excl_luc,per_g_protein,0.014150276433095644,0.018738533802160312,0.020479099635579607,0.0017405658334192949,0.004588257369064668,0.014780700472442194,Plant foods
Nuts and seeds,kg_co2e_excl_luc,per_kcal,0.00037131844986953023,0.0004917192506552166,0.0007479924543044863,0.00025627320364926976,0.00012040080078568635,0.0004421093844781313,Plant foods
Nuts and seeds,kg_co2e_excl_luc,per_kg_edible_wt,1.8719999999999999,2.1904761904761907,2.479,0.2885238095238094,0.3184761904761908,1.8979952380952383,Plant foods
Nuts and seeds,kg_co2e_excl_luc,per_kg_nut_adjusted,1.8719999999999999,2.1904761904761907,2.479,0.2885238095238094,0.3184761904761908,1.8979952380952383,Plant foods
Nuts and seeds,kg_co2e_excl_luc,per_serving,0.056159999999999995,0.06571428571428573,0.07437,0.00865571428571428,0.00955428571428573,0.05693985714285714,Plant foods
Nuts and seeds,l_blue_wf_excl_pond,per_g_protein,0.47405975824113417,1.22645245802357,3.6825929071473986,2.4561404491238283,0.752392699782436,4.362043893137464,Plant foods
Nuts and seeds,l_blue_wf_excl_pond,per_kcal,0.014058498927358084,0.04598042183891572,0.13835801110614238,0.09237758926722665,0.03192192291155764,0.12532335934285027,Plant foods
Nuts and seeds,l_blue_wf_excl_pond,per_kg_edible_wt,73.59590743684754,189.01118019092903,731.8135805387981,542.802400347869,115.41527275408149,592.5100872800753,Plant foods
Nuts and seeds,l_blue_wf_excl_pond,per_kg_nut_adjusted,73.59590743684754,189.01118019092903,731.8135805387981,542.802400347869,115.41527275408149,592.5100872800753,Plant foods
Nuts and seeds,l_blue_wf_excl_pond,per_serving,2.2078772231054264,5.670335405727871,21.954407416163942,16.28407201043607,3.462458182622445,17.77530261840226,Plant foods
Nuts and seeds,l_green_wf,per_g_protein,16.201888460382268,34.82311292885579,56.523574122815205,21.700461193959413,18.621224468473525,38.82845771998961,Plant foods
Nuts and seeds,l_green_wf,per_kcal,0.5942778382734342,1.0913814712279095,1.695583425907319,0.6042019546794095,0.49710363295447535,1.2451811702519724,Plant foods
Nuts and seeds,l_green_wf,per_kg_edible_wt,2589.29999206434,4650.417437209874,8902.375901865038,4251.958464655164,2061.117445145534,5280.689747326331,Plant foods
Nuts and seeds,l_green_wf,per_kg_nut_adjusted,2589.29999206434,4650.417437209874,8902.375901865038,4251.958464655164,2061.117445145534,5280.689747326331,Plant foods
Nuts and seeds,l_green_wf,per_serving,77.6789997619302,139.51252311629622,267.0712770559511,127.55875393965488,61.83352335436602,158.42069241978993,Plant foods
Other farmed fish,l_blue_wf_excl_pond,per_g_protein,1.10138036287417,1.2894209126331748,1.3162838483130326,0.026862935679857758,0.18804054975900475,1.1435159124802379,Aquatic animals
Other farmed fish,l_blue_wf_excl_pond,per_kcal,0.17851007078823386,0.20697427839631982,0.20988940907795814,0.002915130681638317,0.028464207608085962,0.18259815184089978,Aquatic animals
Other farmed fish,l_blue_wf_excl_pond,per_kg_edible_wt,246.0,284.0,288.0,4.0,38.0,255.55555555555554,Aquatic animals
Other farmed fish,l_blue_wf_excl_pond,per_kg_nut_adjusted,123.0,142.0,144.0,2.0,19.0,127.77777777777777,Aquatic animals
Other farmed fish,l_blue_wf_excl_pond,per_serving,29.888508,34.505432,34.991424,0.4859920000000031,4.616923999999997,31.049488888888888,Aquatic animals
Other farmed fish,l_green_wf,per_g_protein,4.9731746695787304,10.646676841116978,11.219752802287276,0.5730759611702982,5.673502171538248,9.427378000596843,Aquatic animals
Other farmed fish,l_green_wf,per_kcal,0.6869199455787,1.7255973509529274,1.81848063981835,0.09288328886542252,1.0386774053742274,1.501145583513526,Aquatic animals
Other farmed fish,l_green_wf,per_kg_edible_wt,1326.0,2378.0,2506.0,128.0,1052.0,2108.222222222222,Aquatic animals
Other farmed fish,l_green_wf,per_kg_nut_adjusted,663.0,1189.0,1253.0,64.0,526.0,1054.111111111111,Aquatic animals
Other farmed fish,l_green_wf,per_serving,161.106348,288.922244,304.473988,15.551744000000042,127.81589599999998,256.14478355555553,Aquatic animals
Pig meat,kg_co2_luc_feed_palm,per_g_protein,0.0,0.0,7.754460046734276e-06,7.754460046734276e-06,0.0,9.225513987042385e-05,Terrestrial meat
Pig meat,kg_co2_luc_feed_palm,per_kcal,0.0,0.0,2.7289845785596695e-07,2.7289845785596695e-07,0.0,3.2466845206750373e-06,Terrestrial meat
Pig meat,kg_co2_luc_feed_palm,per_kg_edible_wt,0.0,0.0,0.001138779012175138,0.001138779012175138,0.0,0.013548102178173555,Terrestrial meat
Pig meat,kg_co2_luc_feed_palm,per_kg_nut_adjusted,0.0,0.0,0.0008313086788878507,0.0008313086788878507,0.0,0.009890114590066694,Terrestrial meat
Pig meat,kg_co2_luc_feed_palm,per_serving,0.0,0.0,0.0001291354142598379,0.0001291354142598379,0.0,0.0015363294972141482,Terrestrial meat
Pig meat,kg_co2_luc_feed_soy,per_g_protein,0.0,2.4277095841519957e-05,0.0036259417318302125,0.0036016646359886923,2.4277095841519957e-05,0.00810939556035833,Terrestrial meat
Pig meat,kg_co2_luc_feed_soy,per_kcal,0.0,8.543705140582216e-07,0.00012760577795597572,0.0001267514074419175,8.543705140582216e-07,0.0002853895086477126,Terrestrial meat
Pig meat,kg_co2_luc_feed_soy,per_kg_edible_wt,0.0,0.003565205965891877,0.5324866359092497,0.5289214299433579,0.003565205965891877,1.190902965507117,Terrestrial meat
Pig meat,kg_co2_luc_feed_soy,per_kg_nut_adjusted,0.0,0.00260260035510107,0.38871524421375225,0.3861126438586512,0.00260260035510107,0.8693591648201955,Terrestrial meat
Pig meat,kg_co2_luc_feed_soy,per_serving,0.0,0.0004042877014810025,0.06038299053705522,0.059978702835574216,0.0004042877014810025,0.13504617326963814,Terrestrial meat
Pig meat,kg_co2e_excl_luc,per_g_protein,0.039683470358944054,0.04526757792289035,0.0570466855421863,0.011779107619295952,0.005584107563946297,0.05388931741557608,Terrestrial meat
Pig meat,kg_co2e_excl_luc,per_kcal,0.0013965585995751673,0.0015930770332918463,0.00200761270500236,0.00041453567171051376,0.00019651843371667902,0.0018964971808468926,Terrestrial meat
Pig meat,kg_co2e_excl_luc,per_kg_edible_wt,5.827704689002989,6.64775720809857,8.377574688382783,1.729817480284213,0.8200525190955812,7.913900295243226,Terrestrial meat
Pig meat,kg_co2e_excl_luc,per_kg_nut_adjusted,4.254224422972181,4.852862761911956,6.115629522519431,1.2627667606074748,0.5986383389397751,5.777147215527553,Terrestrial meat
Pig meat,kg_co2e_excl_luc,per_serving,0.6608508333508527,0.7538432582515893,0.9500013315231891,0.19615807327159984,0.09299242490073656,0.8974215208666974,Terrestrial meat
Pig meat,l_blue_wf_excl_pond,per_g_protein,2.644023367806193,3.5617967283920584,5.767753700402674,2.205956972010616,0.9177733605858656,3.032108690877587,Terrestrial meat
Pig meat,l_blue_wf_excl_pond,per_kcal,0.0930496637110568,0.1253483580438298,0.20298139143754024,0.07763303339371044,0.03229869433277299,0.10670733755867956,Terrestrial meat
Pig meat,l_blue_wf_excl_pond,per_kg_edible_wt,388.2872954160563,523.066639776568,847.0218199370559,323.9551801604879,134.7793443605117,445.279454532671,Terrestrial meat
Pig meat,l_blue_wf_excl_pond,per_kg_nut_adjusted,283.4497256537211,381.8386470368946,618.3259285540507,236.48728151715613,98.38892138317351,325.0540018088498,Terrestrial meat
Pig meat,l_blue_wf_excl_pond,per_serving,44.031054497229334,59.314780559601886,96.0506932734649,36.735912713863016,15.283726062372551,50.493858955689774,Terrestrial meat
Pig meat,l_green_wf,per_g_protein,31.236887625741065,37.3707501651342,47.52323508376604,10.152484918631842,6.133862539393132,33.66465734575676,Terrestrial meat
Pig meat,l_green_wf,per_kcal,1.0993026477549384,1.3151683066934778,1.6724591381637364,0.35729083147025853,0.21586565893853948,1.1847418154892178,Terrestrial meat
Pig meat,l_green_wf,per_kg_edible_wt,4587.2841976725385,5488.07082644238,6979.011095279221,1490.940268836841,900.7866287698416,4943.813625496789,Terrestrial meat
Pig meat,l_green_wf,per_kg_nut_adjusted,3348.717464300953,4006.291703302937,5094.678099553831,1088.386396250894,657.5742390019841,3608.983946612656,Terrestrial meat
Pig meat,l_green_wf,per_serving,520.1894650855634,622.3369873196898,791.4068307172857,169.06984339759595,102.14752223412643,560.619236679235,Terrestrial meat
Pond-raised fish,l_blue_wf_brackish_pond,per_g_protein,0.0,0.0,0.0,0.0,0.0,0.0,Aquatic animals
Pond-raised fish,l_blue_wf_brackish_pond,per_kcal,0.0,0.0,0.0,0.0,0.0,0.0,Aquatic animals
Pond-raised fish,l_blue_wf_brackish_pond,per_kg_edible_wt,0.0,0.0,0.0,0.0,0.0,0.0,Aquatic animals
Pond-raised fish,l_blue_wf_brackish_pond,per_kg_nut_adjusted,0.0,0.0,0.0,0.0,0.0,0.0,Aquatic animals
Pond-raised fish,l_blue_wf_brackish_pond,per_serving,0.0,0.0,0.0,0.0,0.0,0.0,Aquatic animals
Pond-raised fish,l_blue_wf_excl_pond,per_g_protein,0.9454740779715007,1.4135764401044497,1.9025348480750055,0.4889584079705558,0.468102362132949,1.3983979222143992,Aquatic animals
Pond-raised fish,l_blue_wf_excl_pond,per_kcal,0.14867166476355367,0.22227871447492095,0.2991652862031313,0.07688657172821037,0.07360704971136728,0.22006702592940008,Aquatic animals
Pond-raised fish,l_blue_wf_excl_pond,per_kg_edible_wt,204.0,305.0,410.5,105.5,101.0,302.0,Aquatic animals
Pond-raised fish,l_blue_wf_excl_pond,per_kg_nut_adjusted,102.0,152.5,205.25,52.75,50.5,151.0,Aquatic animals
Pond-raised fish,l_blue_wf_excl_pond,per_serving,24.785592,37.05689,49.874928999999995,12.818038999999992,12.271298000000002,36.692396,Aquatic animals
Pond-raised fish,l_blue_wf_freshwater_pond,per_g_protein,24.211551879035127,48.20063926913578,48.20063926913578,0.0,23.98908739010065,25.238771492679007,Aquatic animals
Pond-raised fish,l_blue_wf_freshwater_pond,per_kcal,3.80716067021963,7.5793397722596,7.5793397722596,0.0,3.77217910203997,3.968686463042913,Aquatic animals
Pond-raised fish,l_blue_wf_freshwater_pond,per_kg_edible_wt,5224.0,10400.0,10400.0,0.0,5176.0,5445.637806964462,Aquatic animals
Pond-raised fish,l_blue_wf_freshwater_pond,per_kg_nut_adjusted,2612.0,5200.0,5200.0,0.0,2588.0,2722.818903482231,Aquatic animals
Pond-raised fish,l_blue_wf_freshwater_pond,per_serving,634.705552,1263.5792,1263.5792,0.0,628.8736479999999,661.6341022705681,Aquatic animals
Pond-raised fish,l_green_wf,per_g_protein,12.439472672919159,15.790344037494624,17.878265959681688,2.087921922187064,3.3508713645754646,14.698408865494958,Aquatic animals
Pond-raised fish,l_green_wf,per_kcal,1.9560526873793043,2.482962558085428,2.8112791511049426,0.32831659301951444,0.5269098707061239,2.31430551269927,Aquatic animals
Pond-raised fish,l_green_wf,per_kg_edible_wt,2684.0,3407.0,3857.5,450.5,723.0,3176.181818181818,Aquatic animals
Pond-raised fish,l_green_wf,per_kg_nut_adjusted,1342.0,1703.5,1928.75,225.25,361.5,1588.090909090909,Aquatic animals
Pond-raised fish,l_green_wf,per_serving,326.100632,413.943686,468.678535,54.734849,87.843054,385.89973854545457,Aquatic animals
Poultry,kg_co2_luc_feed_soy,per_g_protein,0.0007435583252640192,0.002229623990116169,0.006998893913269018,0.004769269923152849,0.0014860656648521499,0.009155737624243487,Terrestrial meat
Poultry,kg_co2_luc_feed_soy,per_kcal,6.285024066024494e-05,0.0001884618860408822,0.0005915906686248048,0.0004031287825839227,0.00012561164538063725,0.0007739007063116909,Terrestrial meat
Poultry,kg_co2_luc_feed_soy,per_kg_edible_wt,0.11577948959833415,0.3471748197832234,1.089797985576245,0.7426231657930216,0.23139533018488925,1.4256401858654182,Terrestrial meat
Poultry,kg_co2_luc_feed_soy,per_kg_nut_adjusted,0.09262359167866732,0.27773985582657873,0.8718383884609959,0.5940985326344173,0.1851162641479114,1.1405121486923349,Terrestrial meat
Poultry,kg_co2_luc_feed_soy,per_serving,0.013129177998737173,0.039368976503753934,0.12358105727477309,0.08421208077101916,0.02623979850501676,0.16166493588212483,Terrestrial meat
Poultry,kg_co2e_excl_luc,per_g_protein,0.012205089994389955,0.015293998279915342,0.020979534710319617,0.0056855364304042744,0.0030889082855253876,0.020355871564551997,Terrestrial meat
Poultry,kg_co2e_excl_luc,per_kcal,0.0010316512065882398,0.001292745222385536,0.001773322630763846,0.00048057740837830995,0.0002610940157972963,0.0017206066870771115,Terrestrial meat
Poultry,kg_co2e_excl_luc,per_kg_edible_wt,1.9004549368073411,2.3814289405443154,3.2667239922421185,0.8852950516978031,0.4809740037369743,3.1696133847149577,Terrestrial meat
Poultry,kg_co2e_excl_luc,per_kg_nut_adjusted,1.520363949445873,1.9051431524354523,2.613379193793695,0.7082360413582427,0.38477920298957935,2.5356907077719666,Terrestrial meat
Poultry,kg_co2e_excl_luc,per_serving,0.21550804231807041,0.270049596523703,0.37044040283547064,0.10039080631176767,0.05454155420563256,0.3594282412150247,Terrestrial meat
Poultry,l_blue_wf_excl_pond,per_g_protein,0.8736379468848896,1.663317477122686,3.8498767639554607,2.186559286832775,0.7896795302377964,2.4958748184608335,Terrestrial meat
Poultry,l_blue_wf_excl_pond,per_kcal,0.07384539093438433,0.14059408681145857,0.32541587244143844,0.18482178562997986,0.06674869587707424,0.21096708579304677,Terrestrial meat
Poultry,l_blue_wf_excl_pond,per_kg_edible_wt,136.03419146460828,258.99521530187116,599.4644288179807,340.4692135161095,122.96102383726287,388.63274441870277,Terrestrial meat
Poultry,l_blue_wf_excl_pond,per_kg_nut_adjusted,108.82735317168664,207.19617224149695,479.5715430543845,272.3753708128876,98.36881906981031,310.90619553496225,Terrestrial meat
Poultry,l_blue_wf_excl_pond,per_serving,15.426023381595844,29.36957395749696,67.97814722769186,38.6085732701949,13.943550575901117,44.07022776929131,Terrestrial meat
Poultry,l_green_wf,per_g_protein,26.665877253153866,37.44398300459686,51.863837396176585,14.419854391579726,10.778105751442993,28.925735036198148,Terrestrial meat
Poultry,l_green_wf,per_kcal,2.2539681768503916,3.165001672574122,4.383858738661942,1.2188570660878204,0.9110334957237303,2.444985613810469,Terrestrial meat
Poultry,l_green_wf,per_kg_edible_wt,4152.144563731079,5830.403740367757,8075.719709288676,2245.3159689209197,1678.2591766366777,4504.0270883370495,Terrestrial meat
Poultry,l_green_wf,per_kg_nut_adjusted,3321.7156509848637,4664.3229922942055,6460.575767430941,1796.2527751367352,1342.6073413093418,3603.2216706696395,Terrestrial meat
Poultry,l_green_wf,per_serving,470.845442857252,661.1569007373881,915.7715403565451,254.61463961915695,190.31145788013612,510.74826430018976,Terrestrial meat
Pulses,kg_co2e_excl_luc,per_g_protein,0.0011890488644963433,0.0014034028761591433,0.002376058758155238,0.0009726558819960949,0.0002143540116628,0.0016910473972709939,Plant foods
Pulses,kg_co2e_excl_luc,per_kcal,7.738789678253396e-05,8.979359015988672e-05,0.00015885367178873047,6.906008162884375e-05,1.2405693377352768e-05,0.00010759523679860114,Plant foods
Pulses,kg_co2e_excl_luc,per_kg_edible_wt,0.262,0.304,0.5235507246376812,0.21955072463768116,0.04199999999999998,0.3652334239130435,Plant foods
Pulses,kg_co2e_excl_luc,per_kg_nut_adjusted,0.262,0.304,0.5235507246376812,0.21955072463768116,0.04199999999999998,0.3652334239130435,Plant foods
Pulses,kg_co2e_excl_luc,per_serving,0.014855400000000001,0.0172368,0.029685326086956523,0.012448526086956523,0.002381399999999999,0.020708735135869565,Plant foods
Pulses,l_blue_wf_excl_pond,per_g_protein,0.0957531133293182,0.5124228355435962,1.113684775227328,0.6012619396837318,0.41666972221427806,0.7430936626313372,Plant foods
Pulses,l_blue_wf_excl_pond,per_kcal,0.005886940498317697,0.031737180200457314,0.06846979463839728,0.036732614437939966,0.025850239702139618,0.0464218009077228,Plant foods
Pulses,l_blue_wf_excl_pond,per_kg_edible_wt,20.42168092794412,109.28663605614187,237.52037237454488,128.233736318403,88.86495512819775,159.37181699025982,Plant foods
Pulses,l_blue_wf_excl_pond,per_kg_nut_adjusted,20.42168092794412,109.28663605614187,237.52037237454488,128.233736318403,88.86495512819775,159.37181699025982,Plant foods
Pulses,l_blue_wf_excl_pond,per_serving,1.1579093086144316,6.196552264383245,13.467405113636694,7.270852849253449,5.038642955768813,9.036382023347732,Plant foods
Pulses,l_green_wf,per_g_protein,6.110979003144974,9.61675330831438,15.779218854321114,6.162465546006734,3.505774305169405,17.106703490400584,Plant foods
Pulses,l_green_wf,per_kcal,0.38152805189976285,0.629911120659411,1.0062769353992076,0.3763658147397966,0.24838306875964816,1.0724986475204035,Plant foods
Pulses,l_green_wf,per_kg_edible_wt,1307.5904096845445,2118.995646024702,3406.7931554653082,1287.797509440606,811.4052363401577,3673.341161034423,Plant foods
Pulses,l_green_wf,per_kg_nut_adjusted,1307.5904096845445,2118.995646024702,3406.7931554653082,1287.797509440606,811.4052363401577,3673.341161034423,Plant foods
Pulses,l_green_wf,per_serving,74.14037622911368,120.14705312960062,193.165171914883,73.01811878528237,46.00667690048694,208.2784438306518,Plant foods
Sheep and goat meat,kg_co2_luc_feed_palm,per_g_protein,0.0,0.0,0.0,0.0,0.0,8.43883158524298e-06,Terrestrial meat
Sheep and goat meat,kg_co2_luc_feed_palm,per_kcal,0.0,0.0,0.0,0.0,0.0,5.683351429370964e-07,Terrestrial meat
Sheep and goat meat,kg_co2_luc_feed_palm,per_kg_edible_wt,0.0,0.0,0.0,0.0,0.0,0.0014557909907912856,Terrestrial meat
Sheep and goat meat,kg_co2_luc_feed_palm,per_kg_nut_adjusted,0.0,0.0,0.0,0.0,0.0,0.0011646327926330285,Terrestrial meat
Sheep and goat meat,kg_co2_luc_feed_palm,per_serving,0.0,0.0,0.0,0.0,0.0,0.0001650839808792156,Terrestrial meat
Sheep and goat meat,kg_co2_luc_feed_soy,per_g_protein,0.0,0.0,1.7243045789895524e-05,1.7243045789895524e-05,0.0,0.00015324539827120848,Terrestrial meat
Sheep and goat meat,kg_co2_luc_feed_soy,per_kcal,0.0,0.0,1.1612779322208744e-06,1.1612779322208744e-06,0.0,1.0320711398391038e-05,Terrestrial meat
Sheep and goat meat,kg_co2_luc_feed_soy,per_kg_edible_wt,0.0,0.0,0.002974614490307871,0.002974614490307871,0.0,0.02643651172913225,Terrestrial meat
Sheep and goat meat,kg_co2_luc_feed_soy,per_kg_nut_adjusted,0.0,0.0,0.002379691592246297,0.002379691592246297,0.0,0.021149209383305802,Terrestrial meat
Sheep and goat meat,kg_co2_luc_feed_soy,per_serving,0.0,0.0,0.00033731573058719727,0.00033731573058719727,0.0,0.002997851081928369,Terrestrial meat
Sheep and goat meat,kg_co2e_excl_luc,per_g_protein,0.140072353136851,0.18575680024406624,0.22907619125281203,0.043319391008745795,0.045684447107215226,0.1892761752585553,Terrestrial meat
Sheep and goat meat,kg_co2e_excl_luc,per_kcal,0.009433538285179026,0.012510276636266028,0.015427734110350056,0.0029174574740840273,0.0030767383510870022,0.012747298134053307,Terrestrial meat
Sheep and goat meat,kg_co2e_excl_luc,per_kg_edible_wt,24.16401698454938,32.0450850976121,39.5181550978924,7.473070000280295,7.881068113062721,32.652215881957716,Terrestrial meat
Sheep and goat meat,kg_co2e_excl_luc,per_kg_nut_adjusted,19.331213587639507,25.636068078089682,31.61452407831392,5.978456000224238,6.304854490450175,26.121772705566173,Terrestrial meat
Sheep and goat meat,kg_co2e_excl_luc,per_serving,2.740154419882862,3.63385283257703,4.481285020878148,0.8474321883011178,0.8936984126941683,3.7027003302110257,Terrestrial meat
Sheep and goat meat,l_blue_wf_excl_pond,per_g_protein,2.292435316913682,2.586275101118053,3.0563526223906408,0.4700775212725876,0.29383978420437096,2.759998317994002,Terrestrial meat
Sheep and goat meat,l_blue_wf_excl_pond,per_kcal,0.15439004089031977,0.17417944823534004,0.20583804605724215,0.03165859782190211,0.01978940734502027,0.1858792917856414,Terrestrial meat
Sheep and goat meat,l_blue_wf_excl_pond,per_kg_edible_wt,395.4702315864042,446.1608166821917,527.2543440893307,81.09352740713905,50.69058509578747,476.12997668552003,Terrestrial meat
Sheep and goat meat,l_blue_wf_excl_pond,per_kg_nut_adjusted,316.3761852691234,356.9286533457534,421.80347527146466,64.87482192571127,40.552468076629964,380.9039813484161,Terrestrial meat
Sheep and goat meat,l_blue_wf_excl_pond,per_serving,44.84558605079928,50.593803778236065,59.78965841162115,9.195854633385082,5.7482177274367885,53.992250580181484,Terrestrial meat
Sheep and goat meat,l_green_wf,per_g_protein,39.68825408080788,47.96619720700332,66.88022627429068,18.91402906728736,8.277943126195439,49.042636499070625,Terrestrial meat
Sheep and goat meat,l_green_wf,per_kcal,2.6729090784776317,3.23040876813591,4.5042234313258795,1.2738146631899694,0.5574996896582785,3.3029043823379993,Terrestrial meat
Sheep and goat meat,l_green_wf,per_kg_edible_wt,6846.659060255672,8274.695027518192,11537.572457596521,3262.87743007833,1428.03596726252,8460.39260990219,Terrestrial meat
Sheep and goat meat,l_green_wf,per_kg_nut_adjusted,5477.327248204538,6619.756022014554,9230.057966077216,2610.301944062662,1142.4287738100165,6768.314087921751,Terrestrial meat
Sheep and goat meat,l_green_wf,per_serving,776.3983570027474,938.3349700231782,1308.3391798895245,370.0042098663463,161.93661302043085,959.3927292300364,Terrestrial meat
Shrimp and prawns,kg_co2e_excl_luc,per_g_protein,0.04775996866820477,0.04898458324944079,0.07273876626747074,0.023754183018029944,0.0012246145812360235,0.08509323480597118,Aquatic animals
Shrimp and prawns,kg_co2e_excl_luc,per_kcal,0.00973621138271557,0.009985857828426228,0.014828318021270099,0.004842460192843871,0.0002496464457106568,0.017346864841256335,Aquatic animals
Shrimp and prawns,kg_co2e_excl_luc,per_kg_edible_wt,8.58,8.8,13.0674,4.2673999999999985,0.22000000000000064,15.28686,Aquatic animals
Shrimp and prawns,kg_co2e_excl_luc,per_kg_nut_adjusted,4.29,4.4,6.5337,2.1336999999999993,0.11000000000000032,7.64343,Aquatic animals
Shrimp and prawns,kg_co2e_excl_luc,per_serving,1.1769628838709676,1.2071414193548387,1.792522702645161,0.5853812832903222,0.03017853548387106,2.0969774861225803,Aquatic animals
Soy,kg_co2_luc_human_palm_soy,per_g_protein,0.0,0.0,0.0,0.0,0.0,0.007536992008684574,Plant foods
Soy,kg_co2_luc_human_palm_soy,per_kcal,0.0,0.0,0.0,0.0,0.0,0.0007135554945024671,Plant foods
Soy,kg_co2_luc_human_palm_soy,per_kg_edible_wt,0.0,0.0,0.0,0.0,0.0,2.4284030457517005,Plant foods
Soy,kg_co2_luc_human_palm_soy,per_kg_nut_adjusted,0.0,0.0,0.0,0.0,0.0,2.4284030457517005,Plant foods
Soy,kg_co2_luc_human_palm_soy,per_serving,0.0,0.0,0.0,0.0,0.0,0.13769045269412142,Plant foods
Soy,kg_co2e_excl_luc,per_g_protein,0.0008162684945366858,0.0008985160804881008,0.0015900941310399526,0.0006915780505518518,8.224758595141502e-05,0.0013091462057577994,Plant foods
Soy,kg_co2e_excl_luc,per_kcal,7.727922075474833e-05,8.506591029847772e-05,0.000150540215867591,6.547430556911328e-05,7.78668954372939e-06,0.00012394181487112544,Plant foods
Soy,kg_co2e_excl_luc,per_kg_edible_wt,0.263,0.2895,0.5123249999999999,0.22282499999999994,0.026499999999999968,0.42180416666666665,Plant foods
Soy,kg_co2e_excl_luc,per_kg_nut_adjusted,0.263,0.2895,0.5123249999999999,0.22282499999999994,0.026499999999999968,0.42180416666666665,Plant foods
Soy,kg_co2e_excl_luc,per_serving,0.014912100000000001,0.016414650000000003,0.0290488275,0.012634177499999996,0.0015025500000000018,0.023916296249999996,Plant foods
Soy,l_blue_wf_excl_pond,per_g_protein,0.16350728569986994,0.5885192690497578,0.8645493388407212,0.27603006979096334,0.4250119833498879,0.1825077945304269,Plant foods
Soy,l_blue_wf_excl_pond,per_kcal,0.015479852170188182,0.055717341555775714,0.08185015060218163,0.02613280904640592,0.040237489385587535,0.01727870209052302,Plant foods
Soy,l_blue_wf_excl_pond,per_kg_edible_wt,52.68170513364476,189.6196763638903,278.5559869539846,88.93631059009428,136.93797123024555,58.80362929938492,Plant foods
Soy,l_blue_wf_excl_pond,per_kg_nut_adjusted,52.68170513364476,189.6196763638903,278.5559869539846,88.93631059009428,136.93797123024555,58.80362929938492,Plant foods
Soy,l_blue_wf_excl_pond,per_serving,2.987052681077658,10.751435649832581,15.794124460290927,5.042688810458346,7.764382968754923,3.3341657812751255,Plant foods
Soy,l_green_wf,per_g_protein,4.743180748157505,6.834948785457635,11.274295475016947,4.439346689559312,2.09176803730013,6.618043084257244,Plant foods
Soy,l_green_wf,per_kcal,0.4490548325334908,0.6470904115178251,1.0673801263916567,0.4202897148738316,0.19803557898433427,0.6265551297101608,Plant foods
Soy,l_green_wf,per_kg_edible_wt,1528.2429067331336,2202.2061890256728,3632.5543981854544,1430.3482091597816,673.9632822925391,2132.319626212682,Plant foods
Soy,l_green_wf,per_kg_nut_adjusted,1528.2429067331336,2202.2061890256728,3632.5543981854544,1430.3482091597816,673.9632822925391,2132.319626212682,Plant foods
Soy,l_green_wf,per_serving,86.65137281176868,124.86509091775565,205.96583437711524,81.10074345935959,38.21371810598697,120.9025228062591,Plant foods
Starchy roots,kg_co2e_excl_luc,per_g_protein,0.008960109170068998,0.01668434121323193,0.021689643577201507,0.005005302363969576,0.007724232043162933,0.014368601733868743,Plant foods
Starchy roots,kg_co2e_excl_luc,per_kcal,0.00021190855525197254,0.00039458834426229377,0.0005129648475409818,0.00011837650327868804,0.00018267978901032123,0.0003398205955554966,Plant foods
Starchy roots,kg_co2e_excl_luc,per_kg_edible_wt,0.145,0.27,0.351,0.08099999999999996,0.12500000000000003,0.2325247619047619,Plant foods
Starchy roots,kg_co2e_excl_luc,per_kg_nut_adjusted,0.145,0.27,0.351,0.08099999999999996,0.12500000000000003,0.2325247619047619,Plant foods
Starchy roots,kg_co2e_excl_luc,per_serving,0.01595,0.029700000000000004,0.03861,0.008909999999999994,0.013750000000000005,0.02557772380952381,Plant foods
Starchy roots,l_blue_wf_excl_pond,per_g_protein,0.14129692450803968,0.6941525600746448,5.3198291608277595,4.625676600753115,0.5528556355666051,4.236747647963743,Plant foods
Starchy roots,l_blue_wf_excl_pond,per_kcal,0.001992469411515196,0.010609364508837397,0.07501647268219738,0.06440710817335998,0.008616895097322202,0.04950196782864411,Plant foods
Starchy roots,l_blue_wf_excl_pond,per_kg_edible_wt,1.9717949540485653,9.819263238616307,72.21379007416165,62.39452683554534,7.847468284567741,39.43043668055109,Plant foods
Starchy roots,l_blue_wf_excl_pond,per_kg_nut_adjusted,1.9717949540485653,9.819263238616307,72.21379007416165,62.39452683554534,7.847468284567741,39.43043668055109,Plant foods
Starchy roots,l_blue_wf_excl_pond,per_serving,0.2168974449453422,1.0801189562477937,7.943516908157782,6.863397951909988,0.8632215113024515,4.337348034860621,Plant foods
Starchy roots,l_green_wf,per_g_protein,12.6411096191432,28.53569143388109,70.40789041646018,41.872198982579086,15.89458181473789,41.52056393611361,Plant foods
Starchy roots,l_green_wf,per_kcal,0.22459028049590635,0.4068185297898917,0.6065936670723434,0.19977513728245172,0.18222824929398534,0.41257235007043286,Plant foods
Starchy roots,l_green_wf,per_kg_edible_wt,197.42301383312264,364.6180952380952,578.0866864390001,213.46859120090494,167.19508140497254,361.03601383309564,Plant foods
Starchy roots,l_green_wf,per_kg_nut_adjusted,197.42301383312264,364.6180952380952,578.0866864390001,213.46859120090494,167.19508140497254,361.03601383309564,Plant foods
Starchy roots,l_green_wf,per_serving,21.71653152164349,40.107990476190466,63.58953550829001,23.481545032099547,18.391458954546977,39.71396152164052,Plant foods
Sugars,kg_co2e_excl_luc,per_kcal,0.00018232004906712713,0.0004432822182862137,0.0007842586906421314,0.0003409764723559177,0.00026096216921908655,0.0004753837664681237,Plant foods
Sugars,kg_co2e_excl_luc,per_kg_edible_wt,0.6486719999999999,1.577142857142857,2.7902946273830147,1.2131517702401577,0.928470857142857,1.6913561626394404,Plant foods
Sugars,kg_co2e_excl_luc,per_kg_nut_adjusted,0.6486719999999999,1.577142857142857,2.7902946273830147,1.2131517702401577,0.928470857142857,1.6913561626394404,Plant foods
Sugars,kg_co2e_excl_luc,per_serving,0.005189375999999999,0.012617142857142856,0.02232235701906412,0.009705214161921263,0.007427766857142857,0.013530849301115524,Plant foods
Sugars,l_blue_wf_excl_pond,per_kcal,0.022043450824900994,0.10654209195969808,0.21326177029504845,0.10671967833535037,0.08449864113479708,0.10662209157866002,Plant foods
Sugars,l_blue_wf_excl_pond,per_kg_edible_wt,77.53759513732666,354.874954988748,750.1459247355067,395.2709697467587,277.33735985142135,377.0645203540709,Plant foods
Sugars,l_blue_wf_excl_pond,per_kg_nut_adjusted,77.53759513732666,354.874954988748,750.1459247355067,395.2709697467587,277.33735985142135,377.0645203540709,Plant foods
Sugars,l_blue_wf_excl_pond,per_serving,0.6203007610986133,2.838999639909984,6.001167397884053,3.1621677579740695,2.2186988788113706,3.0165161628325676,Plant foods
Sugars,l_green_wf,per_kcal,0.1649226504723111,0.313357728227147,0.38183979894627995,0.06848207071913293,0.14843507775483591,0.24920942552790387,Plant foods
Sugars,l_green_wf,per_kg_edible_wt,569.4306282722513,1025.271107836615,1336.579980957055,311.30887312044,455.8404795643638,880.7489384993487,Plant foods
Sugars,l_green_wf,per_kg_nut_adjusted,569.4306282722513,1025.271107836615,1336.579980957055,311.30887312044,455.8404795643638,880.7489384993487,Plant foods
Sugars,l_green_wf,per_serving,4.555445026178011,8.20216886269292,10.69263984765644,2.4904709849635207,3.6467238365149095,7.045991507994789,Plant foods
Tuna,kg_co2e_excl_luc,per_g_protein,0.016277208194548788,0.020005213942332543,0.05389293621003889,0.03388772226770635,0.0037280057477837546,0.049648610417374284,Aquatic animals
Tuna,kg_co2e_excl_luc,per_kcal,0.002248290017957434,0.0027632209575541374,0.007443963920055151,0.004680742962501013,0.0005149309395967032,0.006857716254082378,Aquatic animals
Tuna,kg_co2e_excl_luc,per_kg_edible_wt,3.6166666666666667,4.445,11.974583333333335,7.529583333333335,0.8283333333333336,11.031527777777779,Aquatic animals
Tuna,kg_co2e_excl_luc,per_kg_nut_adjusted,2.17,2.6670000000000003,7.184749999999999,4.5177499999999995,0.49700000000000033,6.618916666666666,Aquatic animals
Tuna,kg_co2e_excl_luc,per_serving,0.4394177666666667,0.5400586100000001,1.4548879258333334,0.9148293158333333,0.1006408433333334,1.3403085619444446,Aquatic animals
Vegetable oils,kg_co2_luc_human_palm_soy,per_g_protein,0.0,0.0,0.0,0.0,0.0,2.776129928143651,Plant foods
Vegetable oils,kg_co2_luc_human_palm_soy,per_kcal,0.0,0.0,0.0,0.0,0.0,0.00028332707822972,Plant foods
Vegetable oils,kg_co2_luc_human_palm_soy,per_kg_edible_wt,0.0,0.0,0.0,0.0,0.0,2.464047101114628,Plant foods
Vegetable oils,kg_co2_luc_human_palm_soy,per_kg_nut_adjusted,0.0,0.0,0.0,0.0,0.0,2.464047101114628,Plant foods
Vegetable oils,kg_co2_luc_human_palm_soy,per_serving,0.0,0.0,0.0,0.0,0.0,0.03449665941560479,Plant foods
Vegetable oils,kg_co2e_excl_luc,per_kcal,7.419480894533586e-05,0.00013858640143443466,0.0002873911550483668,0.00014880475361393213,6.43915924890988e-05,0.00026237686194356474,Plant foods
Vegetable oils,kg_co2e_excl_luc,per_kg_edible_wt,0.6583319999999999,1.2192,2.522368421052632,1.303168421052632,0.5608680000000001,2.307100405503802,Plant foods
Vegetable oils,kg_co2e_excl_luc,per_kg_nut_adjusted,0.6583319999999999,1.2192,2.522368421052632,1.303168421052632,0.5608680000000001,2.307100405503802,Plant foods
Vegetable oils,kg_co2e_excl_luc,per_serving,0.009216648,0.0170688,0.035313157894736845,0.018244357894736846,0.007852152,0.032299405677053215,Plant foods
Vegetable oils,l_blue_wf_excl_pond,per_kcal,0.002891675714275059,0.034846297797723816,0.1623997467820455,0.1275534489843217,0.03195462208344876,0.04254428878836106,Plant foods
Vegetable oils,l_blue_wf_excl_pond,per_kg_edible_wt,25.042716251014372,301.778634387956,1435.9370523531986,1134.1584179652427,276.7359181369416,371.9978903493175,Plant foods
Vegetable oils,l_blue_wf_excl_pond,per_kg_nut_adjusted,25.042716251014372,301.778634387956,1435.9370523531986,1134.1584179652427,276.7359181369416,371.9978903493175,Plant foods
Vegetable oils,l_blue_wf_excl_pond,per_serving,0.3505980275142012,4.224900881431384,20.103118732944782,15.878217851513398,3.8743028539171824,5.207970464890447,Plant foods
Vegetable oils,l_green_wf,per_kcal,0.4578509547369437,0.6411425069889687,1.17936331794756,0.5382208109585913,0.18329155225202498,0.566928497345356,Plant foods
Vegetable oils,l_green_wf,per_kg_edible_wt,3976.117634911338,5627.165570740418,10457.496783239189,4830.331212498771,1651.04793582908,4943.058318807003,Plant foods
Vegetable oils,l_green_wf,per_kg_nut_adjusted,3976.117634911338,5627.165570740418,10457.496783239189,4830.331212498771,1651.04793582908,4943.058318807003,Plant foods
Vegetable oils,l_green_wf,per_serving,55.66564688875873,78.78031799036584,146.40495496534865,67.6246369749828,23.114671101607115,69.20281646329805,Plant foods
Vegetables,kg_co2e_excl_luc,per_g_protein,0.013115069732877637,0.02384929977460899,0.04918918078513104,0.025339881010522054,0.010734230041731352,0.05616135650593574,Plant foods
Vegetables,kg_co2e_excl_luc,per_kcal,0.0006932194492808668,0.001306241543552976,0.002694123183578013,0.0013878816400250372,0.0006130220942721092,0.0030301884203847336,Plant foods
Vegetables,kg_co2e_excl_luc,per_kg_edible_wt,0.16676,0.268,0.66,0.392,0.10124000000000002,0.6852223738233186,Plant foods
Vegetables,kg_co2e_excl_luc,per_kg_nut_adjusted,0.16676,0.268,0.66,0.392,0.10124000000000002,0.6852223738233186,Plant foods
Vegetables,kg_co2e_excl_luc,per_serving,0.014182704535999997,0.022793024800000002,0.056132075999999996,0.0333390512,0.008610320264000005,0.0582772035823499,Plant foods
Vegetables,l_blue_wf_excl_pond,per_g_protein,2.041506298253331,5.304074797447568,10.081015879369133,4.7769410819215645,3.2625684991942374,3.739701123141653,Plant foods
Vegetables,l_blue_wf_excl_pond,per_kcal,0.08328998195162353,0.23154319928804312,0.43416159828664896,0.20261839899860584,0.1482532173364196,0.19170198653135107,Plant foods
Vegetables,l_blue_wf_excl_pond,per_kg_edible_wt,24.00676830931313,60.60668109661653,120.12228872392063,59.5156076273041,36.5999127873034,47.43484163042816,Plant foods
Vegetables,l_blue_wf_excl_pond,per_kg_nut_adjusted,24.00676830931313,60.60668109661653,120.12228872392063,59.5156076273041,36.5999127873034,47.43484163042816,Plant foods
Vegetables,l_blue_wf_excl_pond,per_serving,2.0417420352314486,5.1545133779137,10.216232484765236,5.061719106851536,3.1127713426822514,4.034266871889631,Plant foods
Vegetables,l_green_wf,per_g_protein,7.8218393461853974,16.34185877793067,29.045524292976342,12.703665515045671,8.520019431745274,16.44673335980227,Plant foods
Vegetables,l_green_wf,per_kcal,0.353324473961075,0.7114828513175983,1.4485630778549208,0.7370802265373225,0.3581583773565232,0.8784589101265278,Plant foods
Vegetables,l_green_wf,per_kg_edible_wt,97.37961246428543,204.56964401289397,339.83583249986293,135.26618848696896,107.19003154860854,214.86188482361854,Plant foods
Vegetables,l_green_wf,per_kg_nut_adjusted,97.37961246428543,204.56964401289397,339.83583249986293,135.26618848696896,107.19003154860854,214.86188482361854,Plant foods
Vegetables,l_green_wf,per_serving,8.281999708630025,17.398361825795014,28.90256178394784,11.504199958152824,9.11636211716499,18.273702497610003,Plant foods
Whole milk,kg_co2_luc_feed_palm,per_g_protein,0.0,0.0,9.152622522936901e-05,9.152622522936901e-05,0.0,0.00013424901217683451,Dairy and eggs
Whole milk,kg_co2_luc_feed_palm,per_kcal,0.0,0.0,5.389358792375281e-06,5.389358792375281e-06,0.0,7.905014025540266e-06,Dairy and eggs
Whole milk,kg_co2_luc_feed_palm,per_kg_edible_wt,0.0,0.0,0.00305882753663833,0.00305882753663833,0.0,0.0044866329206071955,Dairy and eggs
Whole milk,kg_co2_luc_feed_palm,per_kg_nut_adjusted,0.0,0.0,0.00305882753663833,0.00305882753663833,0.0,0.0044866329206071955,Dairy and eggs
Whole milk,kg_co2_luc_feed_palm,per_serving,0.0,0.0,0.0007341186087931992,0.0007341186087931992,0.0,0.0010767919009457272,Dairy and eggs
Whole milk,kg_co2_luc_feed_soy,per_g_protein,0.0,0.00030970261297779035,0.0009564099844032191,0.0006467073714254287,0.00030970261297779035,0.0010470274705099629,Dairy and eggs
Whole milk,kg_co2_luc_feed_soy,per_kcal,0.0,1.8236286879422964e-05,5.6316498857477565e-05,3.8080211978054604e-05,1.8236286879422964e-05,6.165234816480391e-05,Dairy and eggs
Whole milk,kg_co2_luc_feed_soy,per_kg_edible_wt,0.0,0.010350332687393837,0.03196344205474419,0.021613109367350353,0.010350332687393837,0.034991899320512714,Dairy and eggs
Whole milk,kg_co2_luc_feed_soy,per_kg_nut_adjusted,0.0,0.010350332687393837,0.03196344205474419,0.021613109367350353,0.010350332687393837,0.034991899320512714,Dairy and eggs
Whole milk,kg_co2_luc_feed_soy,per_serving,0.0,0.002484079844974521,0.007671226093138606,0.005187146248164085,0.002484079844974521,0.008398055836923051,Dairy and eggs
Whole milk,kg_co2_luc_pasture,per_g_protein,0.0,0.0,0.0,0.0,0.0,0.001371265942388527,Dairy and eggs
Whole milk,kg_co2_luc_pasture,per_kcal,0.0,0.0,0.0,0.0,0.0,8.074455321167331e-05,Dairy and eggs
Whole milk,kg_co2_luc_pasture,per_kg_edible_wt,0.0,0.0,0.0,0.0,0.0,0.04582802376172302,Dairy and eggs
Whole milk,kg_co2_luc_pasture,per_kg_nut_adjusted,0.0,0.0,0.0,0.0,0.0,0.04582802376172302,Dairy and eggs
Whole milk,kg_co2_luc_pasture,per_serving,0.0,0.0,0.0,0.0,0.0,0.010998725702813525,Dairy and eggs
Whole milk,kg_co2e_excl_luc,per_g_protein,0.06494133940677463,0.08981045103529121,0.19835308256748937,0.10854263153219816,0.024869111628516585,0.08745641100256393,Dairy and eggs
Whole milk,kg_co2e_excl_luc,per_kcal,0.003823955130274753,0.005288328484226872,0.01167966806072123,0.0063913395764943585,0.001464373353952119,0.00514971502872613,Dairy and eggs
Whole milk,kg_co2e_excl_luc,per_kg_edible_wt,2.1703545267578344,3.00148596772356,6.629005723922781,3.6275197561992205,0.8311314409657258,2.92281340741191,Dairy and eggs
Whole milk,kg_co2e_excl_luc,per_kg_nut_adjusted,2.1703545267578344,3.00148596772356,6.629005723922781,3.6275197561992205,0.8311314409657258,2.92281340741191,Dairy and eggs
Whole milk,kg_co2e_excl_luc,per_serving,0.5208850864218801,0.7203566322536544,1.5909613737414672,0.8706047414878127,0.1994715458317743,0.7014752177788585,Dairy and eggs
Whole milk,l_blue_wf_excl_pond,per_g_protein,1.0035460762190436,1.8198950419427735,3.687595737643033,1.8677006957002593,0.81634896572373,2.730282881067102,Dairy and eggs
Whole milk,l_blue_wf_excl_pond,per_kcal,0.05909202368906767,0.10716127886750482,0.21713750852924912,0.1099762296617443,0.048069255178437145,0.16076784565162103,Dairy and eggs
Whole milk,l_blue_wf_excl_pond,per_kg_edible_wt,33.53874110432732,60.82131164194306,123.24029924784003,62.418987605896966,27.28257053761574,91.24668299704402,Dairy and eggs
Whole milk,l_blue_wf_excl_pond,per_kg_nut_adjusted,33.53874110432732,60.82131164194306,123.24029924784003,62.418987605896966,27.28257053761574,91.24668299704402,Dairy and eggs
Whole milk,l_blue_wf_excl_pond,per_serving,8.049297865038557,14.597114794066334,29.57767181948161,14.980557025415274,6.547816929027777,21.899203919290567,Dairy and eggs
Whole milk,l_green_wf,per_g_protein,22.4599672983207,30.324143790428476,42.15476345253295,11.830619662104471,7.864176492107777,25.030270096579372,Dairy and eggs
Whole milk,l_green_wf,per_kcal,1.322515180018863,1.7855832090599228,2.4822081811422567,0.6966249720823339,0.4630680290410598,1.4738628833699812,Dairy and eggs
Whole milk,l_green_wf,per_kg_edible_wt,750.6172823355428,1013.439872765332,1408.8219078842458,395.3820351189138,262.8225904297892,836.5173941025186,Dairy and eggs
Whole milk,l_green_wf,per_kg_nut_adjusted,750.6172823355428,1013.439872765332,1408.8219078842458,395.3820351189138,262.8225904297892,836.5173941025186,Dairy and eggs
Whole milk,l_green_wf,per_serving,180.14814776053026,243.22556946367968,338.117257892219,94.89168842853934,63.07742170314941,200.76417458460438,Dairy and eggs
